Year,Month,Time,Vehicle,Count
2000,7,2000-07-01,MC,13026
2000,7,2000-07-01,Cars,487229
2000,7,2000-07-01,"Car with trailer, campervan and minibus",23660
2000,7,2000-07-01,Coaches,4322
2000,7,2000-07-01,Trucks and vans from 6 m,8927
2000,7,2000-07-01,In total,537164
2000,8,2000-08-01,MC,7522
2000,8,2000-08-01,Cars,304599
2000,8,2000-08-01,"Car with trailer, campervan and minibus",12817
2000,8,2000-08-01,Coaches,5857
2000,8,2000-08-01,Trucks and vans from 6 m,10360
2000,8,2000-08-01,In total,341155
2000,9,2000-09-01,MC,2207
2000,9,2000-09-01,Cars,186696
2000,9,2000-09-01,"Car with trailer, campervan and minibus",4163
2000,9,2000-09-01,Coaches,5388
2000,9,2000-09-01,Trucks and vans from 6 m,10924
2000,9,2000-09-01,In total,209378
2000,10,2000-10-01,MC,690
2000,10,2000-10-01,Cars,195692
2000,10,2000-10-01,"Car with trailer, campervan and minibus",3198
2000,10,2000-10-01,Coaches,2987
2000,10,2000-10-01,Trucks and vans from 6 m,11566
2000,10,2000-10-01,In total,214133
2000,11,2000-11-01,MC,131
2000,11,2000-11-01,Cars,173864
2000,11,2000-11-01,"Car with trailer, campervan and minibus",2579
2000,11,2000-11-01,Coaches,2089
2000,11,2000-11-01,Trucks and vans from 6 m,11821
2000,11,2000-11-01,In total,190484
2000,12,2000-12-01,MC,41
2000,12,2000-12-01,Cars,172741
2000,12,2000-12-01,"Car with trailer, campervan and minibus",2170
2000,12,2000-12-01,Coaches,2069
2000,12,2000-12-01,Trucks and vans from 6 m,10304
2000,12,2000-12-01,In total,187325
2001,1,2001-01-01,MC,24
2001,1,2001-01-01,Cars,144717
2001,1,2001-01-01,"Car with trailer, campervan and minibus",1980
2001,1,2001-01-01,Coaches,1035
2001,1,2001-01-01,Trucks and vans from 6 m,11170
2001,1,2001-01-01,In total,158926
2001,2,2001-02-01,MC,45
2001,2,2001-02-01,Cars,150684
2001,2,2001-02-01,"Car with trailer, campervan and minibus",2315
2001,2,2001-02-01,Coaches,1147
2001,2,2001-02-01,Trucks and vans from 6 m,10444
2001,2,2001-02-01,In total,164635
2001,3,2001-03-01,MC,106
2001,3,2001-03-01,Cars,167439
2001,3,2001-03-01,"Car with trailer, campervan and minibus",2711
2001,3,2001-03-01,Coaches,1602
2001,3,2001-03-01,Trucks and vans from 6 m,12887
2001,3,2001-03-01,In total,184745
2001,4,2001-04-01,MC,707
2001,4,2001-04-01,Cars,198243
2001,4,2001-04-01,"Car with trailer, campervan and minibus",3554
2001,4,2001-04-01,Coaches,2668
2001,4,2001-04-01,Trucks and vans from 6 m,12455
2001,4,2001-04-01,In total,217627
2001,5,2001-05-01,MC,2770
2001,5,2001-05-01,Cars,221784
2001,5,2001-05-01,"Car with trailer, campervan and minibus",4958
2001,5,2001-05-01,Coaches,4592
2001,5,2001-05-01,Trucks and vans from 6 m,13910
2001,5,2001-05-01,In total,248014
2001,6,2001-06-01,MC,4473
2001,6,2001-06-01,Cars,262209
2001,6,2001-06-01,"Car with trailer, campervan and minibus",8538
2001,6,2001-06-01,Coaches,4933
2001,6,2001-06-01,Trucks and vans from 6 m,13055
2001,6,2001-06-01,In total,293208
2001,7,2001-07-01,MC,8658
2001,7,2001-07-01,Cars,402769
2001,7,2001-07-01,"Car with trailer, campervan and minibus",20721
2001,7,2001-07-01,Coaches,4860
2001,7,2001-07-01,Trucks and vans from 6 m,12637
2001,7,2001-07-01,In total,449645
2001,8,2001-08-01,MC,5250
2001,8,2001-08-01,Cars,306815
2001,8,2001-08-01,"Car with trailer, campervan and minibus",12375
2001,8,2001-08-01,Coaches,4840
2001,8,2001-08-01,Trucks and vans from 6 m,13859
2001,8,2001-08-01,In total,343139
2001,9,2001-09-01,MC,1480
2001,9,2001-09-01,Cars,214663
2001,9,2001-09-01,"Car with trailer, campervan and minibus",5568
2001,9,2001-09-01,Coaches,4278
2001,9,2001-09-01,Trucks and vans from 6 m,12665
2001,9,2001-09-01,In total,238654
2001,10,2001-10-01,MC,702
2001,10,2001-10-01,Cars,219017
2001,10,2001-10-01,"Car with trailer, campervan and minibus",4618
2001,10,2001-10-01,Coaches,2718
2001,10,2001-10-01,Trucks and vans from 6 m,14207
2001,10,2001-10-01,In total,241262
2001,11,2001-11-01,MC,102
2001,11,2001-11-01,Cars,190965
2001,11,2001-11-01,"Car with trailer, campervan and minibus",3975
2001,11,2001-11-01,Coaches,2414
2001,11,2001-11-01,Trucks and vans from 6 m,14086
2001,11,2001-11-01,In total,211542
2001,12,2001-12-01,MC,13
2001,12,2001-12-01,Cars,181502
2001,12,2001-12-01,"Car with trailer, campervan and minibus",3192
2001,12,2001-12-01,Coaches,2658
2001,12,2001-12-01,Trucks and vans from 6 m,12110
2001,12,2001-12-01,In total,199475
2002,1,2002-01-01,MC,12
2002,1,2002-01-01,Cars,172366
2002,1,2002-01-01,"Car with trailer, campervan and minibus",2915
2002,1,2002-01-01,Coaches,1464
2002,1,2002-01-01,Trucks and vans from 6 m,14305
2002,1,2002-01-01,In total,191062
2002,2,2002-02-01,MC,51
2002,2,2002-02-01,Cars,173155
2002,2,2002-02-01,"Car with trailer, campervan and minibus",2390
2002,2,2002-02-01,Coaches,1620
2002,2,2002-02-01,Trucks and vans from 6 m,13176
2002,2,2002-02-01,In total,190392
2002,3,2002-03-01,MC,381
2002,3,2002-03-01,Cars,216564
2002,3,2002-03-01,"Car with trailer, campervan and minibus",3470
2002,3,2002-03-01,Coaches,2202
2002,3,2002-03-01,Trucks and vans from 6 m,14884
2002,3,2002-03-01,In total,237501
2002,4,2002-04-01,MC,782
2002,4,2002-04-01,Cars,225637
2002,4,2002-04-01,"Car with trailer, campervan and minibus",4020
2002,4,2002-04-01,Coaches,2877
2002,4,2002-04-01,Trucks and vans from 6 m,15887
2002,4,2002-04-01,In total,249203
2002,5,2002-05-01,MC,3273
2002,5,2002-05-01,Cars,265408
2002,5,2002-05-01,"Car with trailer, campervan and minibus",5477
2002,5,2002-05-01,Coaches,5063
2002,5,2002-05-01,Trucks and vans from 6 m,15723
2002,5,2002-05-01,In total,294944
2002,6,2002-06-01,MC,4611
2002,6,2002-06-01,Cars,297874
2002,6,2002-06-01,"Car with trailer, campervan and minibus",9337
2002,6,2002-06-01,Coaches,5058
2002,6,2002-06-01,Trucks and vans from 6 m,14843
2002,6,2002-06-01,In total,331723
2002,7,2002-07-01,MC,8361
2002,7,2002-07-01,Cars,432202
2002,7,2002-07-01,"Car with trailer, campervan and minibus",19692
2002,7,2002-07-01,Coaches,5450
2002,7,2002-07-01,Trucks and vans from 6 m,14694
2002,7,2002-07-01,In total,480399
2002,8,2002-08-01,MC,5429
2002,8,2002-08-01,Cars,342386
2002,8,2002-08-01,"Car with trailer, campervan and minibus",11126
2002,8,2002-08-01,Coaches,4627
2002,8,2002-08-01,Trucks and vans from 6 m,15541
2002,8,2002-08-01,In total,379109
2002,9,2002-09-01,MC,2355
2002,9,2002-09-01,Cars,263548
2002,9,2002-09-01,"Car with trailer, campervan and minibus",4973
2002,9,2002-09-01,Coaches,4268
2002,9,2002-09-01,Trucks and vans from 6 m,15773
2002,9,2002-09-01,In total,290917
2002,10,2002-10-01,MC,455
2002,10,2002-10-01,Cars,265205
2002,10,2002-10-01,"Car with trailer, campervan and minibus",4476
2002,10,2002-10-01,Coaches,3182
2002,10,2002-10-01,Trucks and vans from 6 m,16670
2002,10,2002-10-01,In total,289988
2002,11,2002-11-01,MC,122
2002,11,2002-11-01,Cars,228632
2002,11,2002-11-01,"Car with trailer, campervan and minibus",3371
2002,11,2002-11-01,Coaches,2823
2002,11,2002-11-01,Trucks and vans from 6 m,15463
2002,11,2002-11-01,In total,250411
2002,12,2002-12-01,MC,36
2002,12,2002-12-01,Cars,223341
2002,12,2002-12-01,"Car with trailer, campervan and minibus",2695
2002,12,2002-12-01,Coaches,2799
2002,12,2002-12-01,Trucks and vans from 6 m,13844
2002,12,2002-12-01,In total,242715
2003,1,2003-01-01,MC,52
2003,1,2003-01-01,Cars,198855
2003,1,2003-01-01,"Car with trailer, campervan and minibus",2800
2003,1,2003-01-01,Coaches,1705
2003,1,2003-01-01,Trucks and vans from 6 m,15137
2003,1,2003-01-01,In total,218549
2003,2,2003-02-01,MC,50
2003,2,2003-02-01,Cars,207033
2003,2,2003-02-01,"Car with trailer, campervan and minibus",2925
2003,2,2003-02-01,Coaches,1883
2003,2,2003-02-01,Trucks and vans from 6 m,15071
2003,2,2003-02-01,In total,226962
2003,3,2003-03-01,MC,542
2003,3,2003-03-01,Cars,229199
2003,3,2003-03-01,"Car with trailer, campervan and minibus",3845
2003,3,2003-03-01,Coaches,2089
2003,3,2003-03-01,Trucks and vans from 6 m,16811
2003,3,2003-03-01,In total,252486
2003,4,2003-04-01,MC,1082
2003,4,2003-04-01,Cars,256462
2003,4,2003-04-01,"Car with trailer, campervan and minibus",4978
2003,4,2003-04-01,Coaches,2974
2003,4,2003-04-01,Trucks and vans from 6 m,16685
2003,4,2003-04-01,In total,282181
2003,5,2003-05-01,MC,3168
2003,5,2003-05-01,Cars,282273
2003,5,2003-05-01,"Car with trailer, campervan and minibus",6330
2003,5,2003-05-01,Coaches,4263
2003,5,2003-05-01,Trucks and vans from 6 m,17421
2003,5,2003-05-01,In total,313455
2003,6,2003-06-01,MC,5153
2003,6,2003-06-01,Cars,326488
2003,6,2003-06-01,"Car with trailer, campervan and minibus",11014
2003,6,2003-06-01,Coaches,4594
2003,6,2003-06-01,Trucks and vans from 6 m,17328
2003,6,2003-06-01,In total,364577
2003,7,2003-07-01,MC,8078
2003,7,2003-07-01,Cars,440144
2003,7,2003-07-01,"Car with trailer, campervan and minibus",22204
2003,7,2003-07-01,Coaches,4643
2003,7,2003-07-01,Trucks and vans from 6 m,17352
2003,7,2003-07-01,In total,492421
2003,8,2003-08-01,MC,5795
2003,8,2003-08-01,Cars,371469
2003,8,2003-08-01,"Car with trailer, campervan and minibus",14453
2003,8,2003-08-01,Coaches,4416
2003,8,2003-08-01,Trucks and vans from 6 m,17972
2003,8,2003-08-01,In total,414105
2003,9,2003-09-01,MC,2152
2003,9,2003-09-01,Cars,286441
2003,9,2003-09-01,"Car with trailer, campervan and minibus",6040
2003,9,2003-09-01,Coaches,4507
2003,9,2003-09-01,Trucks and vans from 6 m,19205
2003,9,2003-09-01,In total,318345
2003,10,2003-10-01,MC,623
2003,10,2003-10-01,Cars,302076
2003,10,2003-10-01,"Car with trailer, campervan and minibus",4905
2003,10,2003-10-01,Coaches,3573
2003,10,2003-10-01,Trucks and vans from 6 m,20172
2003,10,2003-10-01,In total,331349
2003,11,2003-11-01,MC,151
2003,11,2003-11-01,Cars,256775
2003,11,2003-11-01,"Car with trailer, campervan and minibus",3787
2003,11,2003-11-01,Coaches,3342
2003,11,2003-11-01,Trucks and vans from 6 m,18565
2003,11,2003-11-01,In total,282620
2003,12,2003-12-01,MC,35
2003,12,2003-12-01,Cars,261167
2003,12,2003-12-01,"Car with trailer, campervan and minibus",3196
2003,12,2003-12-01,Coaches,3305
2003,12,2003-12-01,Trucks and vans from 6 m,16683
2003,12,2003-12-01,In total,284386
2004,1,2004-01-01,MC,24
2004,1,2004-01-01,Cars,229382
2004,1,2004-01-01,"Car with trailer, campervan and minibus",3037
2004,1,2004-01-01,Coaches,2660
2004,1,2004-01-01,Trucks and vans from 6 m,17195
2004,1,2004-01-01,In total,252298
2004,2,2004-02-01,MC,58
2004,2,2004-02-01,Cars,250625
2004,2,2004-02-01,"Car with trailer, campervan and minibus",3561
2004,2,2004-02-01,Coaches,2947
2004,2,2004-02-01,Trucks and vans from 6 m,17134
2004,2,2004-02-01,In total,274325
2004,3,2004-03-01,MC,306
2004,3,2004-03-01,Cars,273501
2004,3,2004-03-01,"Car with trailer, campervan and minibus",4292
2004,3,2004-03-01,Coaches,3357
2004,3,2004-03-01,Trucks and vans from 6 m,20385
2004,3,2004-03-01,In total,301841
2004,4,2004-04-01,MC,1421
2004,4,2004-04-01,Cars,300036
2004,4,2004-04-01,"Car with trailer, campervan and minibus",5620
2004,4,2004-04-01,Coaches,4155
2004,4,2004-04-01,Trucks and vans from 6 m,18964
2004,4,2004-04-01,In total,330196
2004,5,2004-05-01,MC,10808
2004,5,2004-05-01,Cars,333686
2004,5,2004-05-01,"Car with trailer, campervan and minibus",7735
2004,5,2004-05-01,Coaches,9095
2004,5,2004-05-01,Trucks and vans from 6 m,18703
2004,5,2004-05-01,In total,380027
2004,6,2004-06-01,MC,4388
2004,6,2004-06-01,Cars,363328
2004,6,2004-06-01,"Car with trailer, campervan and minibus",11468
2004,6,2004-06-01,Coaches,6456
2004,6,2004-06-01,Trucks and vans from 6 m,20440
2004,6,2004-06-01,In total,406080
2004,7,2004-07-01,MC,7345
2004,7,2004-07-01,Cars,491798
2004,7,2004-07-01,"Car with trailer, campervan and minibus",23596
2004,7,2004-07-01,Coaches,6352
2004,7,2004-07-01,Trucks and vans from 6 m,18174
2004,7,2004-07-01,In total,547265
2004,8,2004-08-01,MC,5975
2004,8,2004-08-01,Cars,405263
2004,8,2004-08-01,"Car with trailer, campervan and minibus",15353
2004,8,2004-08-01,Coaches,5817
2004,8,2004-08-01,Trucks and vans from 6 m,19491
2004,8,2004-08-01,In total,451899
2004,9,2004-09-01,MC,2331
2004,9,2004-09-01,Cars,329103
2004,9,2004-09-01,"Car with trailer, campervan and minibus",6310
2004,9,2004-09-01,Coaches,5559
2004,9,2004-09-01,Trucks and vans from 6 m,20481
2004,9,2004-09-01,In total,363784
2004,10,2004-10-01,MC,720
2004,10,2004-10-01,Cars,332773
2004,10,2004-10-01,"Car with trailer, campervan and minibus",5394
2004,10,2004-10-01,Coaches,4327
2004,10,2004-10-01,Trucks and vans from 6 m,20225
2004,10,2004-10-01,In total,363439
2004,11,2004-11-01,MC,198
2004,11,2004-11-01,Cars,299687
2004,11,2004-11-01,"Car with trailer, campervan and minibus",4305
2004,11,2004-11-01,Coaches,3753
2004,11,2004-11-01,Trucks and vans from 6 m,20222
2004,11,2004-11-01,In total,328165
2004,12,2004-12-01,MC,41
2004,12,2004-12-01,Cars,298832
2004,12,2004-12-01,"Car with trailer, campervan and minibus",3561
2004,12,2004-12-01,Coaches,3792
2004,12,2004-12-01,Trucks and vans from 6 m,19132
2004,12,2004-12-01,In total,325358
2005,1,2005-01-01,MC,49
2005,1,2005-01-01,Cars,273991
2005,1,2005-01-01,"Car with trailer, campervan and minibus",3752
2005,1,2005-01-01,Coaches,3382
2005,1,2005-01-01,Trucks and vans from 6 m,18036
2005,1,2005-01-01,In total,299210
2005,2,2005-02-01,MC,51
2005,2,2005-02-01,Cars,274592
2005,2,2005-02-01,"Car with trailer, campervan and minibus",3761
2005,2,2005-02-01,Coaches,3218
2005,2,2005-02-01,Trucks and vans from 6 m,18410
2005,2,2005-02-01,In total,300032
2005,3,2005-03-01,MC,255
2005,3,2005-03-01,Cars,323214
2005,3,2005-03-01,"Car with trailer, campervan and minibus",4946
2005,3,2005-03-01,Coaches,3707
2005,3,2005-03-01,Trucks and vans from 6 m,20630
2005,3,2005-03-01,In total,352752
2005,4,2005-04-01,MC,1273
2005,4,2005-04-01,Cars,332799
2005,4,2005-04-01,"Car with trailer, campervan and minibus",6309
2005,4,2005-04-01,Coaches,4338
2005,4,2005-04-01,Trucks and vans from 6 m,22522
2005,4,2005-04-01,In total,367241
2005,5,2005-05-01,MC,3370
2005,5,2005-05-01,Cars,383499
2005,5,2005-05-01,"Car with trailer, campervan and minibus",8561
2005,5,2005-05-01,Coaches,5613
2005,5,2005-05-01,Trucks and vans from 6 m,22671
2005,5,2005-05-01,In total,423714
2005,6,2005-06-01,MC,5131
2005,6,2005-06-01,Cars,420287
2005,6,2005-06-01,"Car with trailer, campervan and minibus",12906
2005,6,2005-06-01,Coaches,5826
2005,6,2005-06-01,Trucks and vans from 6 m,23841
2005,6,2005-06-01,In total,467991
2005,7,2005-07-01,MC,8252
2005,7,2005-07-01,Cars,527138
2005,7,2005-07-01,"Car with trailer, campervan and minibus",25211
2005,7,2005-07-01,Coaches,5967
2005,7,2005-07-01,Trucks and vans from 6 m,21406
2005,7,2005-07-01,In total,587974
2005,8,2005-08-01,MC,6414
2005,8,2005-08-01,Cars,477026
2005,8,2005-08-01,"Car with trailer, campervan and minibus",18092
2005,8,2005-08-01,Coaches,5737
2005,8,2005-08-01,Trucks and vans from 6 m,24013
2005,8,2005-08-01,In total,531282
2005,9,2005-09-01,MC,3278
2005,9,2005-09-01,Cars,392984
2005,9,2005-09-01,"Car with trailer, campervan and minibus",8353
2005,9,2005-09-01,Coaches,6021
2005,9,2005-09-01,Trucks and vans from 6 m,24713
2005,9,2005-09-01,In total,435349
2005,10,2005-10-01,MC,1468
2005,10,2005-10-01,Cars,387427
2005,10,2005-10-01,"Car with trailer, campervan and minibus",7176
2005,10,2005-10-01,Coaches,4483
2005,10,2005-10-01,Trucks and vans from 6 m,24846
2005,10,2005-10-01,In total,425400
2005,11,2005-11-01,MC,265
2005,11,2005-11-01,Cars,359718
2005,11,2005-11-01,"Car with trailer, campervan and minibus",5769
2005,11,2005-11-01,Coaches,3869
2005,11,2005-11-01,Trucks and vans from 6 m,25535
2005,11,2005-11-01,In total,395156
2005,12,2005-12-01,MC,72
2005,12,2005-12-01,Cars,346965
2005,12,2005-12-01,"Car with trailer, campervan and minibus",4795
2005,12,2005-12-01,Coaches,4319
2005,12,2005-12-01,Trucks and vans from 6 m,22541
2005,12,2005-12-01,In total,378692
2006,1,2006-01-01,MC,66
2006,1,2006-01-01,Cars,319689
2006,1,2006-01-01,"Car with trailer, campervan and minibus",4311
2006,1,2006-01-01,Coaches,2961
2006,1,2006-01-01,Trucks and vans from 6 m,22508
2006,1,2006-01-01,In total,349535
2006,2,2006-02-01,MC,111
2006,2,2006-02-01,Cars,326419
2006,2,2006-02-01,"Car with trailer, campervan and minibus",4934
2006,2,2006-02-01,Coaches,3132
2006,2,2006-02-01,Trucks and vans from 6 m,22140
2006,2,2006-02-01,In total,356736
2006,3,2006-03-01,MC,161
2006,3,2006-03-01,Cars,372752
2006,3,2006-03-01,"Car with trailer, campervan and minibus",5630
2006,3,2006-03-01,Coaches,3601
2006,3,2006-03-01,Trucks and vans from 6 m,26728
2006,3,2006-03-01,In total,408872
2006,4,2006-04-01,MC,1164
2006,4,2006-04-01,Cars,395864
2006,4,2006-04-01,"Car with trailer, campervan and minibus",7714
2006,4,2006-04-01,Coaches,4432
2006,4,2006-04-01,Trucks and vans from 6 m,23967
2006,4,2006-04-01,In total,433141
2006,5,2006-05-01,MC,3732
2006,5,2006-05-01,Cars,443632
2006,5,2006-05-01,"Car with trailer, campervan and minibus",12687
2006,5,2006-05-01,Coaches,5542
2006,5,2006-05-01,Trucks and vans from 6 m,28123
2006,5,2006-05-01,In total,493716
2006,6,2006-06-01,MC,6471
2006,6,2006-06-01,Cars,485252
2006,6,2006-06-01,"Car with trailer, campervan and minibus",18398
2006,6,2006-06-01,Coaches,7028
2006,6,2006-06-01,Trucks and vans from 6 m,26130
2006,6,2006-06-01,In total,543279
2006,7,2006-07-01,MC,9530
2006,7,2006-07-01,Cars,572190
2006,7,2006-07-01,"Car with trailer, campervan and minibus",31222
2006,7,2006-07-01,Coaches,6328
2006,7,2006-07-01,Trucks and vans from 6 m,23205
2006,7,2006-07-01,In total,642475
2006,8,2006-08-01,MC,5748
2006,8,2006-08-01,Cars,539318
2006,8,2006-08-01,"Car with trailer, campervan and minibus",22297
2006,8,2006-08-01,Coaches,5804
2006,8,2006-08-01,Trucks and vans from 6 m,26654
2006,8,2006-08-01,In total,599821
2006,9,2006-09-01,MC,3841
2006,9,2006-09-01,Cars,456452
2006,9,2006-09-01,"Car with trailer, campervan and minibus",11572
2006,9,2006-09-01,Coaches,6352
2006,9,2006-09-01,Trucks and vans from 6 m,26977
2006,9,2006-09-01,In total,505194
2006,10,2006-10-01,MC,1190
2006,10,2006-10-01,Cars,461268
2006,10,2006-10-01,"Car with trailer, campervan and minibus",9556
2006,10,2006-10-01,Coaches,4458
2006,10,2006-10-01,Trucks and vans from 6 m,28316
2006,10,2006-10-01,In total,504788
2006,11,2006-11-01,MC,338
2006,11,2006-11-01,Cars,432228
2006,11,2006-11-01,"Car with trailer, campervan and minibus",7318
2006,11,2006-11-01,Coaches,3906
2006,11,2006-11-01,Trucks and vans from 6 m,27712
2006,11,2006-11-01,In total,471502
2006,12,2006-12-01,MC,144
2006,12,2006-12-01,Cars,422706
2006,12,2006-12-01,"Car with trailer, campervan and minibus",6549
2006,12,2006-12-01,Coaches,4374
2006,12,2006-12-01,Trucks and vans from 6 m,24480
2006,12,2006-12-01,In total,458253
2007,1,2007-01-01,MC,87
2007,1,2007-01-01,Cars,396916
2007,1,2007-01-01,"Car with trailer, campervan and minibus",5505
2007,1,2007-01-01,Coaches,3380
2007,1,2007-01-01,Trucks and vans from 6 m,27496
2007,1,2007-01-01,In total,433384
2007,2,2007-02-01,MC,50
2007,2,2007-02-01,Cars,381427
2007,2,2007-02-01,"Car with trailer, campervan and minibus",6040
2007,2,2007-02-01,Coaches,3421
2007,2,2007-02-01,Trucks and vans from 6 m,25205
2007,2,2007-02-01,In total,416143
2007,3,2007-03-01,MC,884
2007,3,2007-03-01,Cars,458617
2007,3,2007-03-01,"Car with trailer, campervan and minibus",8938
2007,3,2007-03-01,Coaches,3798
2007,3,2007-03-01,Trucks and vans from 6 m,30617
2007,3,2007-03-01,In total,502854
2007,4,2007-04-01,MC,2570
2007,4,2007-04-01,Cars,475535
2007,4,2007-04-01,"Car with trailer, campervan and minibus",11621
2007,4,2007-04-01,Coaches,4912
2007,4,2007-04-01,Trucks and vans from 6 m,27092
2007,4,2007-04-01,In total,521730
2007,5,2007-05-01,MC,6616
2007,5,2007-05-01,Cars,528590
2007,5,2007-05-01,"Car with trailer, campervan and minibus",14802
2007,5,2007-05-01,Coaches,5427
2007,5,2007-05-01,Trucks and vans from 6 m,30097
2007,5,2007-05-01,In total,585532
2007,6,2007-06-01,MC,6935
2007,6,2007-06-01,Cars,554873
2007,6,2007-06-01,"Car with trailer, campervan and minibus",20178
2007,6,2007-06-01,Coaches,5901
2007,6,2007-06-01,Trucks and vans from 6 m,28722
2007,6,2007-06-01,In total,616609
2007,7,2007-07-01,MC,8789
2007,7,2007-07-01,Cars,672845
2007,7,2007-07-01,"Car with trailer, campervan and minibus",35740
2007,7,2007-07-01,Coaches,5927
2007,7,2007-07-01,Trucks and vans from 6 m,27134
2007,7,2007-07-01,In total,750435
2007,8,2007-08-01,MC,7368
2007,8,2007-08-01,Cars,627183
2007,8,2007-08-01,"Car with trailer, campervan and minibus",24828
2007,8,2007-08-01,Coaches,5880
2007,8,2007-08-01,Trucks and vans from 6 m,28983
2007,8,2007-08-01,In total,694242
2007,9,2007-09-01,MC,3114
2007,9,2007-09-01,Cars,526489
2007,9,2007-09-01,"Car with trailer, campervan and minibus",13505
2007,9,2007-09-01,Coaches,5578
2007,9,2007-09-01,Trucks and vans from 6 m,28370
2007,9,2007-09-01,In total,577056
2007,10,2007-10-01,MC,1613
2007,10,2007-10-01,Cars,549903
2007,10,2007-10-01,"Car with trailer, campervan and minibus",11597
2007,10,2007-10-01,Coaches,4397
2007,10,2007-10-01,Trucks and vans from 6 m,30649
2007,10,2007-10-01,In total,598159
2007,11,2007-11-01,MC,350
2007,11,2007-11-01,Cars,502135
2007,11,2007-11-01,"Car with trailer, campervan and minibus",9053
2007,11,2007-11-01,Coaches,3718
2007,11,2007-11-01,Trucks and vans from 6 m,30225
2007,11,2007-11-01,In total,545481
2007,12,2007-12-01,MC,191
2007,12,2007-12-01,Cars,468836
2007,12,2007-12-01,"Car with trailer, campervan and minibus",7830
2007,12,2007-12-01,Coaches,3650
2007,12,2007-12-01,Trucks and vans from 6 m,23836
2007,12,2007-12-01,In total,504343
2008,1,2008-01-01,MC,89
2008,1,2008-01-01,Cars,462452
2008,1,2008-01-01,"Car with trailer, campervan and minibus",7084
2008,1,2008-01-01,Coaches,2869
2008,1,2008-01-01,Trucks and vans from 6 m,27969
2008,1,2008-01-01,In total,500463
2008,2,2008-02-01,MC,171
2008,2,2008-02-01,Cars,480078
2008,2,2008-02-01,"Car with trailer, campervan and minibus",7616
2008,2,2008-02-01,Coaches,2910
2008,2,2008-02-01,Trucks and vans from 6 m,28393
2008,2,2008-02-01,In total,519168
2008,3,2008-03-01,MC,373
2008,3,2008-03-01,Cars,493118
2008,3,2008-03-01,"Car with trailer, campervan and minibus",9337
2008,3,2008-03-01,Coaches,3356
2008,3,2008-03-01,Trucks and vans from 6 m,27670
2008,3,2008-03-01,In total,533854
2008,4,2008-04-01,MC,1668
2008,4,2008-04-01,Cars,519182
2008,4,2008-04-01,"Car with trailer, campervan and minibus",9906
2008,4,2008-04-01,Coaches,3921
2008,4,2008-04-01,Trucks and vans from 6 m,31225
2008,4,2008-04-01,In total,565902
2008,5,2008-05-01,MC,7107
2008,5,2008-05-01,Cars,570782
2008,5,2008-05-01,"Car with trailer, campervan and minibus",13880
2008,5,2008-05-01,Coaches,5260
2008,5,2008-05-01,Trucks and vans from 6 m,30505
2008,5,2008-05-01,In total,627534
2008,6,2008-06-01,MC,6467
2008,6,2008-06-01,Cars,594079
2008,6,2008-06-01,"Car with trailer, campervan and minibus",19491
2008,6,2008-06-01,Coaches,5339
2008,6,2008-06-01,Trucks and vans from 6 m,28910
2008,6,2008-06-01,In total,654286
2008,7,2008-07-01,MC,8842
2008,7,2008-07-01,Cars,675027
2008,7,2008-07-01,"Car with trailer, campervan and minibus",33362
2008,7,2008-07-01,Coaches,5010
2008,7,2008-07-01,Trucks and vans from 6 m,28756
2008,7,2008-07-01,In total,750997
2008,8,2008-08-01,MC,6246
2008,8,2008-08-01,Cars,626031
2008,8,2008-08-01,"Car with trailer, campervan and minibus",22802
2008,8,2008-08-01,Coaches,4923
2008,8,2008-08-01,Trucks and vans from 6 m,27572
2008,8,2008-08-01,In total,687574
2008,9,2008-09-01,MC,2882
2008,9,2008-09-01,Cars,548714
2008,9,2008-09-01,"Car with trailer, campervan and minibus",12207
2008,9,2008-09-01,Coaches,4740
2008,9,2008-09-01,Trucks and vans from 6 m,29822
2008,9,2008-09-01,In total,598365
2008,10,2008-10-01,MC,920
2008,10,2008-10-01,Cars,560553
2008,10,2008-10-01,"Car with trailer, campervan and minibus",10763
2008,10,2008-10-01,Coaches,3550
2008,10,2008-10-01,Trucks and vans from 6 m,30112
2008,10,2008-10-01,In total,605898
2008,11,2008-11-01,MC,188
2008,11,2008-11-01,Cars,486383
2008,11,2008-11-01,"Car with trailer, campervan and minibus",7955
2008,11,2008-11-01,Coaches,3141
2008,11,2008-11-01,Trucks and vans from 6 m,26342
2008,11,2008-11-01,In total,524009
2008,12,2008-12-01,MC,59
2008,12,2008-12-01,Cars,486483
2008,12,2008-12-01,"Car with trailer, campervan and minibus",6983
2008,12,2008-12-01,Coaches,2960
2008,12,2008-12-01,Trucks and vans from 6 m,23830
2008,12,2008-12-01,In total,520315
2009,1,2009-01-01,MC,48
2009,1,2009-01-01,Cars,467638
2009,1,2009-01-01,"Car with trailer, campervan and minibus",6413
2009,1,2009-01-01,Coaches,2398
2009,1,2009-01-01,Trucks and vans from 6 m,24696
2009,1,2009-01-01,In total,501193
2009,2,2009-02-01,MC,19
2009,2,2009-02-01,Cars,460295
2009,2,2009-02-01,"Car with trailer, campervan and minibus",7701
2009,2,2009-02-01,Coaches,2549
2009,2,2009-02-01,Trucks and vans from 6 m,24457
2009,2,2009-02-01,In total,495021
2009,3,2009-03-01,MC,405
2009,3,2009-03-01,Cars,515014
2009,3,2009-03-01,"Car with trailer, campervan and minibus",8131
2009,3,2009-03-01,Coaches,2561
2009,3,2009-03-01,Trucks and vans from 6 m,27610
2009,3,2009-03-01,In total,553721
2009,4,2009-04-01,MC,2724
2009,4,2009-04-01,Cars,542059
2009,4,2009-04-01,"Car with trailer, campervan and minibus",11290
2009,4,2009-04-01,Coaches,3309
2009,4,2009-04-01,Trucks and vans from 6 m,25679
2009,4,2009-04-01,In total,585061
2009,5,2009-05-01,MC,4754
2009,5,2009-05-01,Cars,572443
2009,5,2009-05-01,"Car with trailer, campervan and minibus",14218
2009,5,2009-05-01,Coaches,4404
2009,5,2009-05-01,Trucks and vans from 6 m,24468
2009,5,2009-05-01,In total,620287
2009,6,2009-06-01,MC,6319
2009,6,2009-06-01,Cars,584934
2009,6,2009-06-01,"Car with trailer, campervan and minibus",19410
2009,6,2009-06-01,Coaches,4745
2009,6,2009-06-01,Trucks and vans from 6 m,25767
2009,6,2009-06-01,In total,641175
2009,7,2009-07-01,MC,8334
2009,7,2009-07-01,Cars,694808
2009,7,2009-07-01,"Car with trailer, campervan and minibus",34666
2009,7,2009-07-01,Coaches,4695
2009,7,2009-07-01,Trucks and vans from 6 m,23428
2009,7,2009-07-01,In total,765931
2009,8,2009-08-01,MC,7005
2009,8,2009-08-01,Cars,634397
2009,8,2009-08-01,"Car with trailer, campervan and minibus",23340
2009,8,2009-08-01,Coaches,4673
2009,8,2009-08-01,Trucks and vans from 6 m,23208
2009,8,2009-08-01,In total,692623
2009,9,2009-09-01,MC,3274
2009,9,2009-09-01,Cars,550129
2009,9,2009-09-01,"Car with trailer, campervan and minibus",11423
2009,9,2009-09-01,Coaches,4119
2009,9,2009-09-01,Trucks and vans from 6 m,25866
2009,9,2009-09-01,In total,594811
2009,10,2009-10-01,MC,723
2009,10,2009-10-01,Cars,567205
2009,10,2009-10-01,"Car with trailer, campervan and minibus",11121
2009,10,2009-10-01,Coaches,3413
2009,10,2009-10-01,Trucks and vans from 6 m,25202
2009,10,2009-10-01,In total,607664
2009,11,2009-11-01,MC,205
2009,11,2009-11-01,Cars,495559
2009,11,2009-11-01,"Car with trailer, campervan and minibus",8458
2009,11,2009-11-01,Coaches,2865
2009,11,2009-11-01,Trucks and vans from 6 m,24852
2009,11,2009-11-01,In total,531939
2009,12,2009-12-01,MC,35
2009,12,2009-12-01,Cars,480542
2009,12,2009-12-01,"Car with trailer, campervan and minibus",7854
2009,12,2009-12-01,Coaches,3011
2009,12,2009-12-01,Trucks and vans from 6 m,22838
2009,12,2009-12-01,In total,514280
2010,1,2010-01-01,MC,14
2010,1,2010-01-01,Cars,442382
2010,1,2010-01-01,"Car with trailer, campervan and minibus",6453
2010,1,2010-01-01,Coaches,2216
2010,1,2010-01-01,Trucks and vans from 6 m,23567
2010,1,2010-01-01,In total,474632
2010,2,2010-02-01,MC,15
2010,2,2010-02-01,Cars,438352
2010,2,2010-02-01,"Car with trailer, campervan and minibus",6260
2010,2,2010-02-01,Coaches,2551
2010,2,2010-02-01,Trucks and vans from 6 m,23646
2010,2,2010-02-01,In total,470824
2010,3,2010-03-01,MC,317
2010,3,2010-03-01,Cars,518433
2010,3,2010-03-01,"Car with trailer, campervan and minibus",8378
2010,3,2010-03-01,Coaches,2849
2010,3,2010-03-01,Trucks and vans from 6 m,29792
2010,3,2010-03-01,In total,559769
2010,4,2010-04-01,MC,1604
2010,4,2010-04-01,Cars,526634
2010,4,2010-04-01,"Car with trailer, campervan and minibus",11884
2010,4,2010-04-01,Coaches,4257
2010,4,2010-04-01,Trucks and vans from 6 m,26519
2010,4,2010-04-01,In total,570898
2010,5,2010-05-01,MC,3560
2010,5,2010-05-01,Cars,574542
2010,5,2010-05-01,"Car with trailer, campervan and minibus",15562
2010,5,2010-05-01,Coaches,4323
2010,5,2010-05-01,Trucks and vans from 6 m,27790
2010,5,2010-05-01,In total,625777
2010,6,2010-06-01,MC,6063
2010,6,2010-06-01,Cars,598980
2010,6,2010-06-01,"Car with trailer, campervan and minibus",20343
2010,6,2010-06-01,Coaches,5151
2010,6,2010-06-01,Trucks and vans from 6 m,29927
2010,6,2010-06-01,In total,660464
2010,7,2010-07-01,MC,9638
2010,7,2010-07-01,Cars,693488
2010,7,2010-07-01,"Car with trailer, campervan and minibus",37193
2010,7,2010-07-01,Coaches,4508
2010,7,2010-07-01,Trucks and vans from 6 m,26576
2010,7,2010-07-01,In total,771403
2010,8,2010-08-01,MC,5933
2010,8,2010-08-01,Cars,640414
2010,8,2010-08-01,"Car with trailer, campervan and minibus",25181
2010,8,2010-08-01,Coaches,4567
2010,8,2010-08-01,Trucks and vans from 6 m,27534
2010,8,2010-08-01,In total,703629
2010,9,2010-09-01,MC,2917
2010,9,2010-09-01,Cars,558741
2010,9,2010-09-01,"Car with trailer, campervan and minibus",13647
2010,9,2010-09-01,Coaches,4074
2010,9,2010-09-01,Trucks and vans from 6 m,29154
2010,9,2010-09-01,In total,608533
2010,10,2010-10-01,MC,1091
2010,10,2010-10-01,Cars,559591
2010,10,2010-10-01,"Car with trailer, campervan and minibus",11713
2010,10,2010-10-01,Coaches,3553
2010,10,2010-10-01,Trucks and vans from 6 m,28386
2010,10,2010-10-01,In total,604334
2010,11,2010-11-01,MC,101
2010,11,2010-11-01,Cars,493770
2010,11,2010-11-01,"Car with trailer, campervan and minibus",8806
2010,11,2010-11-01,Coaches,2985
2010,11,2010-11-01,Trucks and vans from 6 m,29169
2010,11,2010-11-01,In total,534831
2010,12,2010-12-01,MC,1
2010,12,2010-12-01,Cars,454629
2010,12,2010-12-01,"Car with trailer, campervan and minibus",7153
2010,12,2010-12-01,Coaches,3489
2010,12,2010-12-01,Trucks and vans from 6 m,26235
2010,12,2010-12-01,In total,491507
2011,1,2011-01-01,MC,6
2011,1,2011-01-01,Cars,464901
2011,1,2011-01-01,"Car with trailer, campervan and minibus",6255
2011,1,2011-01-01,Coaches,2384
2011,1,2011-01-01,Trucks and vans from 6 m,26200
2011,1,2011-01-01,In total,499746
2011,2,2011-02-01,MC,23
2011,2,2011-02-01,Cars,445055
2011,2,2011-02-01,"Car with trailer, campervan and minibus",6894
2011,2,2011-02-01,Coaches,2465
2011,2,2011-02-01,Trucks and vans from 6 m,26303
2011,2,2011-02-01,In total,480740
2011,3,2011-03-01,MC,198
2011,3,2011-03-01,Cars,500126
2011,3,2011-03-01,"Car with trailer, campervan and minibus",8618
2011,3,2011-03-01,Coaches,2684
2011,3,2011-03-01,Trucks and vans from 6 m,32006
2011,3,2011-03-01,In total,543632
2011,4,2011-04-01,MC,2158
2011,4,2011-04-01,Cars,513968
2011,4,2011-04-01,"Car with trailer, campervan and minibus",13851
2011,4,2011-04-01,Coaches,3501
2011,4,2011-04-01,Trucks and vans from 6 m,28288
2011,4,2011-04-01,In total,561766
2011,5,2011-05-01,MC,3299
2011,5,2011-05-01,Cars,557753
2011,5,2011-05-01,"Car with trailer, campervan and minibus",15581
2011,5,2011-05-01,Coaches,4695
2011,5,2011-05-01,Trucks and vans from 6 m,33277
2011,5,2011-05-01,In total,614605
2011,6,2011-06-01,MC,7165
2011,6,2011-06-01,Cars,584594
2011,6,2011-06-01,"Car with trailer, campervan and minibus",23222
2011,6,2011-06-01,Coaches,4517
2011,6,2011-06-01,Trucks and vans from 6 m,29999
2011,6,2011-06-01,In total,649497
2011,7,2011-07-01,MC,7220
2011,7,2011-07-01,Cars,677028
2011,7,2011-07-01,"Car with trailer, campervan and minibus",38535
2011,7,2011-07-01,Coaches,5814
2011,7,2011-07-01,Trucks and vans from 6 m,28541
2011,7,2011-07-01,In total,757138
2011,8,2011-08-01,MC,5189
2011,8,2011-08-01,Cars,616834
2011,8,2011-08-01,"Car with trailer, campervan and minibus",24820
2011,8,2011-08-01,Coaches,5488
2011,8,2011-08-01,Trucks and vans from 6 m,31384
2011,8,2011-08-01,In total,683715
2011,9,2011-09-01,MC,2762
2011,9,2011-09-01,Cars,536145
2011,9,2011-09-01,"Car with trailer, campervan and minibus",14306
2011,9,2011-09-01,Coaches,4135
2011,9,2011-09-01,Trucks and vans from 6 m,31368
2011,9,2011-09-01,In total,588716
2011,10,2011-10-01,MC,1207
2011,10,2011-10-01,Cars,531145
2011,10,2011-10-01,"Car with trailer, campervan and minibus",12458
2011,10,2011-10-01,Coaches,3389
2011,10,2011-10-01,Trucks and vans from 6 m,30974
2011,10,2011-10-01,In total,579173
2011,11,2011-11-01,MC,368
2011,11,2011-11-01,Cars,482970
2011,11,2011-11-01,"Car with trailer, campervan and minibus",8997
2011,11,2011-11-01,Coaches,2885
2011,11,2011-11-01,Trucks and vans from 6 m,31482
2011,11,2011-11-01,In total,526702
2011,12,2011-12-01,MC,77
2011,12,2011-12-01,Cars,464556
2011,12,2011-12-01,"Car with trailer, campervan and minibus",7118
2011,12,2011-12-01,Coaches,2694
2011,12,2011-12-01,Trucks and vans from 6 m,28282
2011,12,2011-12-01,In total,502727
2012,1,2012-01-01,MC,70
2012,1,2012-01-01,Cars,437684
2012,1,2012-01-01,"Car with trailer, campervan and minibus",6814
2012,1,2012-01-01,Coaches,1976
2012,1,2012-01-01,Trucks and vans from 6 m,29059
2012,1,2012-01-01,In total,475603
2012,2,2012-02-01,MC,44
2012,2,2012-02-01,Cars,440242
2012,2,2012-02-01,"Car with trailer, campervan and minibus",6927
2012,2,2012-02-01,Coaches,2608
2012,2,2012-02-01,Trucks and vans from 6 m,29501
2012,2,2012-02-01,In total,479322
2012,3,2012-03-01,MC,696
2012,3,2012-03-01,Cars,481673
2012,3,2012-03-01,"Car with trailer, campervan and minibus",9197
2012,3,2012-03-01,Coaches,2691
2012,3,2012-03-01,Trucks and vans from 6 m,33582
2012,3,2012-03-01,In total,527839
2012,4,2012-04-01,MC,1222
2012,4,2012-04-01,Cars,487762
2012,4,2012-04-01,"Car with trailer, campervan and minibus",13038
2012,4,2012-04-01,Coaches,3384
2012,4,2012-04-01,Trucks and vans from 6 m,29381
2012,4,2012-04-01,In total,534787
2012,5,2012-05-01,MC,4682
2012,5,2012-05-01,Cars,549188
2012,5,2012-05-01,"Car with trailer, campervan and minibus",16979
2012,5,2012-05-01,Coaches,4207
2012,5,2012-05-01,Trucks and vans from 6 m,32963
2012,5,2012-05-01,In total,608019
2012,6,2012-06-01,MC,5865
2012,6,2012-06-01,Cars,563328
2012,6,2012-06-01,"Car with trailer, campervan and minibus",21461
2012,6,2012-06-01,Coaches,4476
2012,6,2012-06-01,Trucks and vans from 6 m,32846
2012,6,2012-06-01,In total,627976
2012,7,2012-07-01,MC,7865
2012,7,2012-07-01,Cars,664213
2012,7,2012-07-01,"Car with trailer, campervan and minibus",37023
2012,7,2012-07-01,Coaches,4486
2012,7,2012-07-01,Trucks and vans from 6 m,32657
2012,7,2012-07-01,In total,746244
2012,8,2012-08-01,MC,6819
2012,8,2012-08-01,Cars,609861
2012,8,2012-08-01,"Car with trailer, campervan and minibus",24725
2012,8,2012-08-01,Coaches,4318
2012,8,2012-08-01,Trucks and vans from 6 m,34587
2012,8,2012-08-01,In total,680310
2012,9,2012-09-01,MC,3127
2012,9,2012-09-01,Cars,507283
2012,9,2012-09-01,"Car with trailer, campervan and minibus",14171
2012,9,2012-09-01,Coaches,4122
2012,9,2012-09-01,Trucks and vans from 6 m,32020
2012,9,2012-09-01,In total,560723
2012,10,2012-10-01,MC,916
2012,10,2012-10-01,Cars,529847
2012,10,2012-10-01,"Car with trailer, campervan and minibus",12458
2012,10,2012-10-01,Coaches,3225
2012,10,2012-10-01,Trucks and vans from 6 m,34395
2012,10,2012-10-01,In total,580841
2012,11,2012-11-01,MC,277
2012,11,2012-11-01,Cars,472653
2012,11,2012-11-01,"Car with trailer, campervan and minibus",9043
2012,11,2012-11-01,Coaches,2734
2012,11,2012-11-01,Trucks and vans from 6 m,32433
2012,11,2012-11-01,In total,517140
2012,12,2012-12-01,MC,25
2012,12,2012-12-01,Cars,421635
2012,12,2012-12-01,"Car with trailer, campervan and minibus",7148
2012,12,2012-12-01,Coaches,2712
2012,12,2012-12-01,Trucks and vans from 6 m,25241
2012,12,2012-12-01,In total,456761
2013,1,2013-01-01,MC,14
2013,1,2013-01-01,Cars,419147
2013,1,2013-01-01,"Car with trailer, campervan and minibus",6767
2013,1,2013-01-01,Coaches,1924
2013,1,2013-01-01,Trucks and vans from 6 m,30633
2013,1,2013-01-01,In total,458485
2013,2,2013-02-01,MC,6
2013,2,2013-02-01,Cars,413060
2013,2,2013-02-01,"Car with trailer, campervan and minibus",6787
2013,2,2013-02-01,Coaches,2214
2013,2,2013-02-01,Trucks and vans from 6 m,28925
2013,2,2013-02-01,In total,450992
2013,3,2013-03-01,MC,52
2013,3,2013-03-01,Cars,456394
2013,3,2013-03-01,"Car with trailer, campervan and minibus",9128
2013,3,2013-03-01,Coaches,2707
2013,3,2013-03-01,Trucks and vans from 6 m,30173
2013,3,2013-03-01,In total,498454
2013,4,2013-04-01,MC,1011
2013,4,2013-04-01,Cars,474237
2013,4,2013-04-01,"Car with trailer, campervan and minibus",12106
2013,4,2013-04-01,Coaches,3194
2013,4,2013-04-01,Trucks and vans from 6 m,33309
2013,4,2013-04-01,In total,523857
2013,5,2013-05-01,MC,4147
2013,5,2013-05-01,Cars,541234
2013,5,2013-05-01,"Car with trailer, campervan and minibus",18112
2013,5,2013-05-01,Coaches,4718
2013,5,2013-05-01,Trucks and vans from 6 m,35745
2013,5,2013-05-01,In total,603956
2013,6,2013-06-01,MC,6382
2013,6,2013-06-01,Cars,563264
2013,6,2013-06-01,"Car with trailer, campervan and minibus",23090
2013,6,2013-06-01,Coaches,4629
2013,6,2013-06-01,Trucks and vans from 6 m,33944
2013,6,2013-06-01,In total,631309
2013,7,2013-07-01,MC,9163
2013,7,2013-07-01,Cars,654688
2013,7,2013-07-01,"Car with trailer, campervan and minibus",36565
2013,7,2013-07-01,Coaches,4389
2013,7,2013-07-01,Trucks and vans from 6 m,35492
2013,7,2013-07-01,In total,740297
2013,8,2013-08-01,MC,6739
2013,8,2013-08-01,Cars,598479
2013,8,2013-08-01,"Car with trailer, campervan and minibus",24714
2013,8,2013-08-01,Coaches,4644
2013,8,2013-08-01,Trucks and vans from 6 m,35220
2013,8,2013-08-01,In total,669796
2013,9,2013-09-01,MC,3524
2013,9,2013-09-01,Cars,503197
2013,9,2013-09-01,"Car with trailer, campervan and minibus",15620
2013,9,2013-09-01,Coaches,4060
2013,9,2013-09-01,Trucks and vans from 6 m,35282
2013,9,2013-09-01,In total,561683
2013,10,2013-10-01,MC,1104
2013,10,2013-10-01,Cars,517406
2013,10,2013-10-01,"Car with trailer, campervan and minibus",12644
2013,10,2013-10-01,Coaches,3089
2013,10,2013-10-01,Trucks and vans from 6 m,38467
2013,10,2013-10-01,In total,572710
2013,11,2013-11-01,MC,249
2013,11,2013-11-01,Cars,454555
2013,11,2013-11-01,"Car with trailer, campervan and minibus",9217
2013,11,2013-11-01,Coaches,2717
2013,11,2013-11-01,Trucks and vans from 6 m,35126
2013,11,2013-11-01,In total,501864
2013,12,2013-12-01,MC,47
2013,12,2013-12-01,Cars,432379
2013,12,2013-12-01,"Car with trailer, campervan and minibus",7855
2013,12,2013-12-01,Coaches,2650
2013,12,2013-12-01,Trucks and vans from 6 m,29073
2013,12,2013-12-01,In total,472004
2014,1,2014-01-01,MC,26
2014,1,2014-01-01,Cars,415116
2014,1,2014-01-01,"Car with trailer, campervan and minibus",7521
2014,1,2014-01-01,Coaches,2103
2014,1,2014-01-01,Trucks and vans from 6 m,32960
2014,1,2014-01-01,In total,457726
2014,2,2014-02-01,MC,90
2014,2,2014-02-01,Cars,409967
2014,2,2014-02-01,"Car with trailer, campervan and minibus",7513
2014,2,2014-02-01,Coaches,2315
2014,2,2014-02-01,Trucks and vans from 6 m,32395
2014,2,2014-02-01,In total,452280
2014,3,2014-03-01,MC,640
2014,3,2014-03-01,Cars,450966
2014,3,2014-03-01,"Car with trailer, campervan and minibus",9689
2014,3,2014-03-01,Coaches,2540
2014,3,2014-03-01,Trucks and vans from 6 m,36147
2014,3,2014-03-01,In total,499982
2014,4,2014-04-01,MC,1760
2014,4,2014-04-01,Cars,496241
2014,4,2014-04-01,"Car with trailer, campervan and minibus",14562
2014,4,2014-04-01,Coaches,3278
2014,4,2014-04-01,Trucks and vans from 6 m,35365
2014,4,2014-04-01,In total,551206
2014,5,2014-05-01,MC,4304
2014,5,2014-05-01,Cars,537567
2014,5,2014-05-01,"Car with trailer, campervan and minibus",18242
2014,5,2014-05-01,Coaches,4654
2014,5,2014-05-01,Trucks and vans from 6 m,35772
2014,5,2014-05-01,In total,600539
2014,6,2014-06-01,MC,7246
2014,6,2014-06-01,Cars,652354
2014,6,2014-06-01,"Car with trailer, campervan and minibus",24210
2014,6,2014-06-01,Coaches,13885
2014,6,2014-06-01,Trucks and vans from 6 m,35009
2014,6,2014-06-01,In total,732704
2014,7,2014-07-01,MC,8671
2014,7,2014-07-01,Cars,666775
2014,7,2014-07-01,"Car with trailer, campervan and minibus",38725
2014,7,2014-07-01,Coaches,4349
2014,7,2014-07-01,Trucks and vans from 6 m,35808
2014,7,2014-07-01,In total,754328
2014,8,2014-08-01,MC,6206
2014,8,2014-08-01,Cars,618537
2014,8,2014-08-01,"Car with trailer, campervan and minibus",27842
2014,8,2014-08-01,Coaches,4494
2014,8,2014-08-01,Trucks and vans from 6 m,34204
2014,8,2014-08-01,In total,691283
2014,9,2014-09-01,MC,3624
2014,9,2014-09-01,Cars,523802
2014,9,2014-09-01,"Car with trailer, campervan and minibus",15402
2014,9,2014-09-01,Coaches,4101
2014,9,2014-09-01,Trucks and vans from 6 m,37423
2014,9,2014-09-01,In total,584352
2014,10,2014-10-01,MC,1071
2014,10,2014-10-01,Cars,532601
2014,10,2014-10-01,"Car with trailer, campervan and minibus",13416
2014,10,2014-10-01,Coaches,3160
2014,10,2014-10-01,Trucks and vans from 6 m,38533
2014,10,2014-10-01,In total,588781
2014,11,2014-11-01,MC,384
2014,11,2014-11-01,Cars,460507
2014,11,2014-11-01,"Car with trailer, campervan and minibus",9466
2014,11,2014-11-01,Coaches,2847
2014,11,2014-11-01,Trucks and vans from 6 m,36413
2014,11,2014-11-01,In total,509617
2014,12,2014-12-01,MC,65
2014,12,2014-12-01,Cars,452678
2014,12,2014-12-01,"Car with trailer, campervan and minibus",7907
2014,12,2014-12-01,Coaches,2636
2014,12,2014-12-01,Trucks and vans from 6 m,32193
2014,12,2014-12-01,In total,495479
2015,1,2015-01-01,MC,50
2015,1,2015-01-01,Cars,426063
2015,1,2015-01-01,"Car with trailer, campervan and minibus",7415
2015,1,2015-01-01,Coaches,2306
2015,1,2015-01-01,Trucks and vans from 6 m,33989
2015,1,2015-01-01,In total,469823
2015,2,2015-02-01,MC,77
2015,2,2015-02-01,Cars,423659
2015,2,2015-02-01,"Car with trailer, campervan and minibus",7441
2015,2,2015-02-01,Coaches,2461
2015,2,2015-02-01,Trucks and vans from 6 m,33816
2015,2,2015-02-01,In total,467454
2015,3,2015-03-01,MC,466
2015,3,2015-03-01,Cars,477073
2015,3,2015-03-01,"Car with trailer, campervan and minibus",10722
2015,3,2015-03-01,Coaches,2891
2015,3,2015-03-01,Trucks and vans from 6 m,40052
2015,3,2015-03-01,In total,531204
2015,4,2015-04-01,MC,1459
2015,4,2015-04-01,Cars,503151
2015,4,2015-04-01,"Car with trailer, campervan and minibus",14192
2015,4,2015-04-01,Coaches,3566
2015,4,2015-04-01,Trucks and vans from 6 m,36200
2015,4,2015-04-01,In total,558568
2015,5,2015-05-01,MC,4355
2015,5,2015-05-01,Cars,553369
2015,5,2015-05-01,"Car with trailer, campervan and minibus",18865
2015,5,2015-05-01,Coaches,4893
2015,5,2015-05-01,Trucks and vans from 6 m,36254
2015,5,2015-05-01,In total,617736
2015,6,2015-06-01,MC,6183
2015,6,2015-06-01,Cars,584253
2015,6,2015-06-01,"Car with trailer, campervan and minibus",24401
2015,6,2015-06-01,Coaches,5275
2015,6,2015-06-01,Trucks and vans from 6 m,40237
2015,6,2015-06-01,In total,660349
2015,7,2015-07-01,MC,8893
2015,7,2015-07-01,Cars,710172
2015,7,2015-07-01,"Car with trailer, campervan and minibus",41747
2015,7,2015-07-01,Coaches,4580
2015,7,2015-07-01,Trucks and vans from 6 m,38504
2015,7,2015-07-01,In total,803896
2015,8,2015-08-01,MC,7299
2015,8,2015-08-01,Cars,639349
2015,8,2015-08-01,"Car with trailer, campervan and minibus",29177
2015,8,2015-08-01,Coaches,5442
2015,8,2015-08-01,Trucks and vans from 6 m,37753
2015,8,2015-08-01,In total,719020
2015,9,2015-09-01,MC,3500
2015,9,2015-09-01,Cars,530421
2015,9,2015-09-01,"Car with trailer, campervan and minibus",16385
2015,9,2015-09-01,Coaches,4737
2015,9,2015-09-01,Trucks and vans from 6 m,39515
2015,9,2015-09-01,In total,594558
2015,10,2015-10-01,MC,1260
2015,10,2015-10-01,Cars,542105
2015,10,2015-10-01,"Car with trailer, campervan and minibus",14004
2015,10,2015-10-01,Coaches,4158
2015,10,2015-10-01,Trucks and vans from 6 m,39350
2015,10,2015-10-01,In total,600877
2015,11,2015-11-01,MC,314
2015,11,2015-11-01,Cars,460422
2015,11,2015-11-01,"Car with trailer, campervan and minibus",10256
2015,11,2015-11-01,Coaches,3382
2015,11,2015-11-01,Trucks and vans from 6 m,38226
2015,11,2015-11-01,In total,512600
2015,12,2015-12-01,MC,143
2015,12,2015-12-01,Cars,464009
2015,12,2015-12-01,"Car with trailer, campervan and minibus",9174
2015,12,2015-12-01,Coaches,3121
2015,12,2015-12-01,Trucks and vans from 6 m,34896
2015,12,2015-12-01,In total,511343
2016,1,2016-01-01,MC,52
2016,1,2016-01-01,Cars,437091
2016,1,2016-01-01,"Car with trailer, campervan and minibus",8367
2016,1,2016-01-01,Coaches,2785
2016,1,2016-01-01,Trucks and vans from 6 m,34516
2016,1,2016-01-01,In total,482811
2016,2,2016-02-01,MC,89
2016,2,2016-02-01,Cars,452521
2016,2,2016-02-01,"Car with trailer, campervan and minibus",9326
2016,2,2016-02-01,Coaches,3090
2016,2,2016-02-01,Trucks and vans from 6 m,37000
2016,2,2016-02-01,In total,502026
2016,3,2016-03-01,MC,512
2016,3,2016-03-01,Cars,506064
2016,3,2016-03-01,"Car with trailer, campervan and minibus",12389
2016,3,2016-03-01,Coaches,3173
2016,3,2016-03-01,Trucks and vans from 6 m,39068
2016,3,2016-03-01,In total,561206
2016,4,2016-04-01,MC,1436
2016,4,2016-04-01,Cars,501012
2016,4,2016-04-01,"Car with trailer, campervan and minibus",15060
2016,4,2016-04-01,Coaches,4113
2016,4,2016-04-01,Trucks and vans from 6 m,39255
2016,4,2016-04-01,In total,560876
2016,5,2016-05-01,MC,5501
2016,5,2016-05-01,Cars,575044
2016,5,2016-05-01,"Car with trailer, campervan and minibus",19999
2016,5,2016-05-01,Coaches,5481
2016,5,2016-05-01,Trucks and vans from 6 m,40241
2016,5,2016-05-01,In total,646266
2016,6,2016-06-01,MC,6512
2016,6,2016-06-01,Cars,621581
2016,6,2016-06-01,"Car with trailer, campervan and minibus",26491
2016,6,2016-06-01,Coaches,6139
2016,6,2016-06-01,Trucks and vans from 6 m,41238
2016,6,2016-06-01,In total,701961
2016,7,2016-07-01,MC,8738
2016,7,2016-07-01,Cars,739726
2016,7,2016-07-01,"Car with trailer, campervan and minibus",43532
2016,7,2016-07-01,Coaches,5299
2016,7,2016-07-01,Trucks and vans from 6 m,37239
2016,7,2016-07-01,In total,834534
2016,8,2016-08-01,MC,7384
2016,8,2016-08-01,Cars,676149
2016,8,2016-08-01,"Car with trailer, campervan and minibus",31805
2016,8,2016-08-01,Coaches,5853
2016,8,2016-08-01,Trucks and vans from 6 m,40151
2016,8,2016-08-01,In total,761342
2016,9,2016-09-01,MC,4525
2016,9,2016-09-01,Cars,571951
2016,9,2016-09-01,"Car with trailer, campervan and minibus",18491
2016,9,2016-09-01,Coaches,5521
2016,9,2016-09-01,Trucks and vans from 6 m,40144
2016,9,2016-09-01,In total,640632
2016,10,2016-10-01,MC,997
2016,10,2016-10-01,Cars,563823
2016,10,2016-10-01,"Car with trailer, campervan and minibus",15435
2016,10,2016-10-01,Coaches,4603
2016,10,2016-10-01,Trucks and vans from 6 m,39602
2016,10,2016-10-01,In total,624460
2016,11,2016-11-01,MC,224
2016,11,2016-11-01,Cars,504856
2016,11,2016-11-01,"Car with trailer, campervan and minibus",11425
2016,11,2016-11-01,Coaches,3326
2016,11,2016-11-01,Trucks and vans from 6 m,39953
2016,11,2016-11-01,In total,559784
2016,12,2016-12-01,MC,133
2016,12,2016-12-01,Cars,498871
2016,12,2016-12-01,"Car with trailer, campervan and minibus",10020
2016,12,2016-12-01,Coaches,3247
2016,12,2016-12-01,Trucks and vans from 6 m,35617
2016,12,2016-12-01,In total,547888
2017,1,2017-01-01,MC,81
2017,1,2017-01-01,Cars,462998
2017,1,2017-01-01,"Car with trailer, campervan and minibus",8996
2017,1,2017-01-01,Coaches,2448
2017,1,2017-01-01,Trucks and vans from 6 m,36951
2017,1,2017-01-01,In total,511474
2017,2,2017-02-01,MC,66
2017,2,2017-02-01,Cars,447894
2017,2,2017-02-01,"Car with trailer, campervan and minibus",9047
2017,2,2017-02-01,Coaches,2578
2017,2,2017-02-01,Trucks and vans from 6 m,36357
2017,2,2017-02-01,In total,495942
2017,3,2017-03-01,MC,489
2017,3,2017-03-01,Cars,510187
2017,3,2017-03-01,"Car with trailer, campervan and minibus",12108
2017,3,2017-03-01,Coaches,2922
2017,3,2017-03-01,Trucks and vans from 6 m,42773
2017,3,2017-03-01,In total,568479
2017,4,2017-04-01,MC,1413
2017,4,2017-04-01,Cars,534472
2017,4,2017-04-01,"Car with trailer, campervan and minibus",17165
2017,4,2017-04-01,Coaches,4348
2017,4,2017-04-01,Trucks and vans from 6 m,36905
2017,4,2017-04-01,In total,594303
2017,5,2017-05-01,MC,4844
2017,5,2017-05-01,Cars,592592
2017,5,2017-05-01,"Car with trailer, campervan and minibus",20459
2017,5,2017-05-01,Coaches,5279
2017,5,2017-05-01,Trucks and vans from 6 m,43530
2017,5,2017-05-01,In total,666704
2017,6,2017-06-01,MC,6859
2017,6,2017-06-01,Cars,633652
2017,6,2017-06-01,"Car with trailer, campervan and minibus",29003
2017,6,2017-06-01,Coaches,5904
2017,6,2017-06-01,Trucks and vans from 6 m,43356
2017,6,2017-06-01,In total,718774
2017,7,2017-07-01,MC,8450
2017,7,2017-07-01,Cars,747264
2017,7,2017-07-01,"Car with trailer, campervan and minibus",46464
2017,7,2017-07-01,Coaches,5233
2017,7,2017-07-01,Trucks and vans from 6 m,39655
2017,7,2017-07-01,In total,847066
2017,8,2017-08-01,MC,7068
2017,8,2017-08-01,Cars,682498
2017,8,2017-08-01,"Car with trailer, campervan and minibus",33646
2017,8,2017-08-01,Coaches,5113
2017,8,2017-08-01,Trucks and vans from 6 m,43028
2017,8,2017-08-01,In total,771353
2017,9,2017-09-01,MC,3158
2017,9,2017-09-01,Cars,564190
2017,9,2017-09-01,"Car with trailer, campervan and minibus",20427
2017,9,2017-09-01,Coaches,5055
2017,9,2017-09-01,Trucks and vans from 6 m,41470
2017,9,2017-09-01,In total,634300
2017,10,2017-10-01,MC,1090
2017,10,2017-10-01,Cars,558677
2017,10,2017-10-01,"Car with trailer, campervan and minibus",16011
2017,10,2017-10-01,Coaches,3557
2017,10,2017-10-01,Trucks and vans from 6 m,42563
2017,10,2017-10-01,In total,621898
2017,11,2017-11-01,MC,316
2017,11,2017-11-01,Cars,502559
2017,11,2017-11-01,"Car with trailer, campervan and minibus",12644
2017,11,2017-11-01,Coaches,3349
2017,11,2017-11-01,Trucks and vans from 6 m,43450
2017,11,2017-11-01,In total,562318
2017,12,2017-12-01,MC,103
2017,12,2017-12-01,Cars,487720
2017,12,2017-12-01,"Car with trailer, campervan and minibus",10498
2017,12,2017-12-01,Coaches,3164
2017,12,2017-12-01,Trucks and vans from 6 m,36214
2017,12,2017-12-01,In total,537699
2018,1,2018-01-01,MC,78
2018,1,2018-01-01,Cars,461068
2018,1,2018-01-01,"Car with trailer, campervan and minibus",10522
2018,1,2018-01-01,Coaches,2329
2018,1,2018-01-01,Trucks and vans from 6 m,42459
2018,1,2018-01-01,In total,516456
2018,2,2018-02-01,MC,111
2018,2,2018-02-01,Cars,443244
2018,2,2018-02-01,"Car with trailer, campervan and minibus",10347
2018,2,2018-02-01,Coaches,2512
2018,2,2018-02-01,Trucks and vans from 6 m,38902
2018,2,2018-02-01,In total,495116
2018,3,2018-03-01,MC,232
2018,3,2018-03-01,Cars,504558
2018,3,2018-03-01,"Car with trailer, campervan and minibus",13312
2018,3,2018-03-01,Coaches,3938
2018,3,2018-03-01,Trucks and vans from 6 m,40744
2018,3,2018-03-01,In total,562784
2018,4,2018-04-01,MC,1741
2018,4,2018-04-01,Cars,523612
2018,4,2018-04-01,"Car with trailer, campervan and minibus",17004
2018,4,2018-04-01,Coaches,4579
2018,4,2018-04-01,Trucks and vans from 6 m,39527
2018,4,2018-04-01,In total,586463
2018,5,2018-05-01,MC,5481
2018,5,2018-05-01,Cars,610916
2018,5,2018-05-01,"Car with trailer, campervan and minibus",22772
2018,5,2018-05-01,Coaches,6504
2018,5,2018-05-01,Trucks and vans from 6 m,44407
2018,5,2018-05-01,In total,690080
2018,6,2018-06-01,MC,7827
2018,6,2018-06-01,Cars,634882
2018,6,2018-06-01,"Car with trailer, campervan and minibus",29315
2018,6,2018-06-01,Coaches,6590
2018,6,2018-06-01,Trucks and vans from 6 m,42573
2018,6,2018-06-01,In total,721187
2018,7,2018-07-01,MC,11065
2018,7,2018-07-01,Cars,728732
2018,7,2018-07-01,"Car with trailer, campervan and minibus",47352
2018,7,2018-07-01,Coaches,5919
2018,7,2018-07-01,Trucks and vans from 6 m,40718
2018,7,2018-07-01,In total,833786
2018,8,2018-08-01,MC,7607
2018,8,2018-08-01,Cars,674661
2018,8,2018-08-01,"Car with trailer, campervan and minibus",33616
2018,8,2018-08-01,Coaches,6554
2018,8,2018-08-01,Trucks and vans from 6 m,43183
2018,8,2018-08-01,In total,765621
2018,9,2018-09-01,MC,3972
2018,9,2018-09-01,Cars,555821
2018,9,2018-09-01,"Car with trailer, campervan and minibus",18739
2018,9,2018-09-01,Coaches,6022
2018,9,2018-09-01,Trucks and vans from 6 m,41407
2018,9,2018-09-01,In total,625961
2018,10,2018-10-01,MC,1639
2018,10,2018-10-01,Cars,555491
2018,10,2018-10-01,"Car with trailer, campervan and minibus",14884
2018,10,2018-10-01,Coaches,4439
2018,10,2018-10-01,Trucks and vans from 6 m,45701
2018,10,2018-10-01,In total,622113
2018,11,2018-11-01,MC,463
2018,11,2018-11-01,Cars,495273
2018,11,2018-11-01,"Car with trailer, campervan and minibus",10989
2018,11,2018-11-01,Coaches,4437
2018,11,2018-11-01,Trucks and vans from 6 m,44392
2018,11,2018-11-01,In total,555553
2018,12,2018-12-01,MC,215
2018,12,2018-12-01,Cars,480730
2018,12,2018-12-01,"Car with trailer, campervan and minibus",9016
2018,12,2018-12-01,Coaches,3811
2018,12,2018-12-01,Trucks and vans from 6 m,33414
2018,12,2018-12-01,In total,527186
2019,1,2019-01-01,MC,209
2019,1,2019-01-01,Cars,450172
2019,1,2019-01-01,"Car with trailer, campervan and minibus",4254
2019,1,2019-01-01,Coaches,2969
2019,1,2019-01-01,Trucks and vans from 6 m,47731
2019,1,2019-01-01,In total,505335
2019,2,2019-02-01,MC,278
2019,2,2019-02-01,Cars,441353
2019,2,2019-02-01,"Car with trailer, campervan and minibus",3471
2019,2,2019-02-01,Coaches,3174
2019,2,2019-02-01,Trucks and vans from 6 m,46006
2019,2,2019-02-01,In total,494282
2019,3,2019-03-01,MC,609
2019,3,2019-03-01,Cars,482649
2019,3,2019-03-01,"Car with trailer, campervan and minibus",4796
2019,3,2019-03-01,Coaches,4407
2019,3,2019-03-01,Trucks and vans from 6 m,51277
2019,3,2019-03-01,In total,543738
2019,4,2019-04-01,MC,2087
2019,4,2019-04-01,Cars,545752
2019,4,2019-04-01,"Car with trailer, campervan and minibus",10607
2019,4,2019-04-01,Coaches,4682
2019,4,2019-04-01,Trucks and vans from 6 m,50152
2019,4,2019-04-01,In total,613280
2019,5,2019-05-01,MC,4249
2019,5,2019-05-01,Cars,572690
2019,5,2019-05-01,"Car with trailer, campervan and minibus",12737
2019,5,2019-05-01,Coaches,5890
2019,5,2019-05-01,Trucks and vans from 6 m,54645
2019,5,2019-05-01,In total,650211
2019,6,2019-06-01,MC,9108
2019,6,2019-06-01,Cars,632303
2019,6,2019-06-01,"Car with trailer, campervan and minibus",21546
2019,6,2019-06-01,Coaches,7260
2019,6,2019-06-01,Trucks and vans from 6 m,51711
2019,6,2019-06-01,In total,721928
2019,7,2019-07-01,MC,10387
2019,7,2019-07-01,Cars,747404
2019,7,2019-07-01,"Car with trailer, campervan and minibus",40933
2019,7,2019-07-01,Coaches,5943
2019,7,2019-07-01,Trucks and vans from 6 m,52908
2019,7,2019-07-01,In total,857575
2019,8,2019-08-01,MC,8330
2019,8,2019-08-01,Cars,669732
2019,8,2019-08-01,"Car with trailer, campervan and minibus",27668
2019,8,2019-08-01,Coaches,6424
2019,8,2019-08-01,Trucks and vans from 6 m,50761
2019,8,2019-08-01,In total,762915
2019,9,2019-09-01,MC,3588
2019,9,2019-09-01,Cars,544371
2019,9,2019-09-01,"Car with trailer, campervan and minibus",12709
2019,9,2019-09-01,Coaches,5926
2019,9,2019-09-01,Trucks and vans from 6 m,51385
2019,9,2019-09-01,In total,617979
2019,10,2019-10-01,MC,1132
2019,10,2019-10-01,Cars,554111
2019,10,2019-10-01,"Car with trailer, campervan and minibus",9192
2019,10,2019-10-01,Coaches,4378
2019,10,2019-10-01,Trucks and vans from 6 m,53927
2019,10,2019-10-01,In total,622740
2019,11,2019-11-01,MC,347
2019,11,2019-11-01,Cars,482272
2019,11,2019-11-01,"Car with trailer, campervan and minibus",6463
2019,11,2019-11-01,Coaches,4284
2019,11,2019-11-01,Trucks and vans from 6 m,48504
2019,11,2019-11-01,In total,541870
2019,12,2019-12-01,MC,271
2019,12,2019-12-01,Cars,472883
2019,12,2019-12-01,"Car with trailer, campervan and minibus",5758
2019,12,2019-12-01,Coaches,3413
2019,12,2019-12-01,Trucks and vans from 6 m,40053
2019,12,2019-12-01,In total,522378
2020,1,2020-01-01,MC,257
2020,1,2020-01-01,Cars,461070
2020,1,2020-01-01,"Car with trailer, campervan and minibus",2340
2020,1,2020-01-01,Coaches,3029
2020,1,2020-01-01,Trucks and vans from 6 m,49740
2020,1,2020-01-01,In total,516436
2020,2,2020-02-01,MC,438
2020,2,2020-02-01,Cars,447023
2020,2,2020-02-01,"Car with trailer, campervan and minibus",2529
2020,2,2020-02-01,Coaches,2993
2020,2,2020-02-01,Trucks and vans from 6 m,48337
2020,2,2020-02-01,In total,501320
2020,3,2020-03-01,MC,440
2020,3,2020-03-01,Cars,251315
2020,3,2020-03-01,"Car with trailer, campervan and minibus",1872
2020,3,2020-03-01,Coaches,2109
2020,3,2020-03-01,Trucks and vans from 6 m,51940
2020,3,2020-03-01,In total,307676
2020,4,2020-04-01,MC,797
2020,4,2020-04-01,Cars,144759
2020,4,2020-04-01,"Car with trailer, campervan and minibus",2124
2020,4,2020-04-01,Coaches,485
2020,4,2020-04-01,Trucks and vans from 6 m,42656
2020,4,2020-04-01,In total,190821
2020,5,2020-05-01,MC,2256
2020,5,2020-05-01,Cars,241158
2020,5,2020-05-01,"Car with trailer, campervan and minibus",3253
2020,5,2020-05-01,Coaches,669
2020,5,2020-05-01,Trucks and vans from 6 m,45498
2020,5,2020-05-01,In total,292834
2020,6,2020-06-01,MC,2826
2020,6,2020-06-01,Cars,280690
2020,6,2020-06-01,"Car with trailer, campervan and minibus",3733
2020,6,2020-06-01,Coaches,942
2020,6,2020-06-01,Trucks and vans from 6 m,52837
2020,6,2020-06-01,In total,341028
2020,7,2020-07-01,MC,3745
2020,7,2020-07-01,Cars,407411
2020,7,2020-07-01,"Car with trailer, campervan and minibus",8656
2020,7,2020-07-01,Coaches,1740
2020,7,2020-07-01,Trucks and vans from 6 m,49697
2020,7,2020-07-01,In total,471249
2020,8,2020-08-01,MC,5094
2020,8,2020-08-01,Cars,447516
2020,8,2020-08-01,"Car with trailer, campervan and minibus",9056
2020,8,2020-08-01,Coaches,2338
2020,8,2020-08-01,Trucks and vans from 6 m,50234
2020,8,2020-08-01,In total,514238
2020,9,2020-09-01,MC,3780
2020,9,2020-09-01,Cars,394948
2020,9,2020-09-01,"Car with trailer, campervan and minibus",6902
2020,9,2020-09-01,Coaches,2138
2020,9,2020-09-01,Trucks and vans from 6 m,55221
2020,9,2020-09-01,In total,462989
2020,10,2020-10-01,MC,1120
2020,10,2020-10-01,Cars,378769
2020,10,2020-10-01,"Car with trailer, campervan and minibus",6426
2020,10,2020-10-01,Coaches,1597
2020,10,2020-10-01,Trucks and vans from 6 m,53116
2020,10,2020-10-01,In total,441028
2020,11,2020-11-01,MC,485
2020,11,2020-11-01,Cars,243513
2020,11,2020-11-01,"Car with trailer, campervan and minibus",3470
2020,11,2020-11-01,Coaches,1605
2020,11,2020-11-01,Trucks and vans from 6 m,50855
2020,11,2020-11-01,In total,299928
2020,12,2020-12-01,MC,396
2020,12,2020-12-01,Cars,198514
2020,12,2020-12-01,"Car with trailer, campervan and minibus",2686
2020,12,2020-12-01,Coaches,623
2020,12,2020-12-01,Trucks and vans from 6 m,46684
2020,12,2020-12-01,In total,248903
2021,1,2021-01-01,MC,162
2021,1,2021-01-01,Cars,129936
2021,1,2021-01-01,"Car with trailer, campervan and minibus",1308
2021,1,2021-01-01,Coaches,322
2021,1,2021-01-01,Trucks and vans from 6 m,45393
2021,1,2021-01-01,In total,177121
2021,2,2021-02-01,MC,84
2021,2,2021-02-01,Cars,136270
2021,2,2021-02-01,"Car with trailer, campervan and minibus",1483
2021,2,2021-02-01,Coaches,444
2021,2,2021-02-01,Trucks and vans from 6 m,47246
2021,2,2021-02-01,In total,185527
2021,3,2021-03-01,MC,265
2021,3,2021-03-01,Cars,178216
2021,3,2021-03-01,"Car with trailer, campervan and minibus",2489
2021,3,2021-03-01,Coaches,1116
2021,3,2021-03-01,Trucks and vans from 6 m,56826
2021,3,2021-03-01,In total,238912
2021,4,2021-04-01,MC,793
2021,4,2021-04-01,Cars,225409
2021,4,2021-04-01,"Car with trailer, campervan and minibus",4281
2021,4,2021-04-01,Coaches,802
2021,4,2021-04-01,Trucks and vans from 6 m,50068
2021,4,2021-04-01,In total,281353
2021,5,2021-05-01,MC,1939
2021,5,2021-05-01,Cars,277333
2021,5,2021-05-01,"Car with trailer, campervan and minibus",5415
2021,5,2021-05-01,Coaches,1021
2021,5,2021-05-01,Trucks and vans from 6 m,53104
2021,5,2021-05-01,In total,338812
2021,6,2021-06-01,MC,3589
2021,6,2021-06-01,Cars,333738
2021,6,2021-06-01,"Car with trailer, campervan and minibus",6511
2021,6,2021-06-01,Coaches,1499
2021,6,2021-06-01,Trucks and vans from 6 m,58829
2021,6,2021-06-01,In total,404166
2021,7,2021-07-01,MC,6133
2021,7,2021-07-01,Cars,496467
2021,7,2021-07-01,"Car with trailer, campervan and minibus",21156
2021,7,2021-07-01,Coaches,2504
2021,7,2021-07-01,Trucks and vans from 6 m,54930
2021,7,2021-07-01,In total,581190
2021,8,2021-08-01,MC,5873
2021,8,2021-08-01,Cars,525767
2021,8,2021-08-01,"Car with trailer, campervan and minibus",22525
2021,8,2021-08-01,Coaches,3026
2021,8,2021-08-01,Trucks and vans from 6 m,56419
2021,8,2021-08-01,In total,613610
2021,9,2021-09-01,MC,4137
2021,9,2021-09-01,Cars,461968
2021,9,2021-09-01,"Car with trailer, campervan and minibus",11551
2021,9,2021-09-01,Coaches,3098
2021,9,2021-09-01,Trucks and vans from 6 m,58236
2021,9,2021-09-01,In total,538990
2021,10,2021-10-01,MC,1370
2021,10,2021-10-01,Cars,479600
2021,10,2021-10-01,"Car with trailer, campervan and minibus",9012
2021,10,2021-10-01,Coaches,2892
2021,10,2021-10-01,Trucks and vans from 6 m,56019
2021,10,2021-10-01,In total,548893
2021,11,2021-11-01,MC,659
2021,11,2021-11-01,Cars,411881
2021,11,2021-11-01,"Car with trailer, campervan and minibus",5714
2021,11,2021-11-01,Coaches,3086
2021,11,2021-11-01,Trucks and vans from 6 m,57092
2021,11,2021-11-01,In total,478432
